Usuario,Contrasenna,RolId
Chavez,1,1
Pope,2,1
Osborne,3,1
Lawson,4,1
Skinner,5,1
Jordan,6,2
Hancock,7,2
Burnett,8,2
Pate,9,1
Simon,10,2
Jordan,11,2
Green,12,1
Monroe,13,1
Salas,14,2
George,15,2
Coleman,16,2
Kirk,17,1
Daugherty,18,1
Woodward,19,1
Owens,20,2
Parker,21,1
Mcclain,22,2
Bennett,23,2
Rosales,24,1
Murray,25,1
Small,26,1
Trujillo,27,2
Kerr,28,2
Bell,29,2
Hayden,30,1
Bradshaw,31,1
Carpenter,32,1
Castaneda,33,2
Mason,34,1
Pena,35,1
Kirkland,36,1
Leblanc,37,2
Stein,38,2
Lambert,39,2
Dawson,40,2
Rich,41,1
Greer,42,1
Fulton,43,2
Mccoy,44,2
Mcdowell,45,1
Fuentes,46,2
Petty,47,1
Estes,48,2
Ray,49,1
Hart,50,1
Dickson,51,1
Hutchinson,52,2
Sellers,53,1
Velez,54,2
Brock,55,1
Gamble,56,2
May,57,2
Gibson,58,2
Johnson,59,2
Adams,60,1
Dickson,61,1
Meadows,62,1
Stewart,63,2
Meyer,64,2
Harrison,65,2
Hicks,66,1
Potts,67,2
Spencer,68,1
Whitney,69,1
Frazier,70,1
Phillips,71,1
Maxwell,72,2
Lang,73,1
Randall,74,1
Gutierrez,75,1
Velasquez,76,1
Stone,77,1
Hamilton,78,2
Velazquez,79,1
Fox,80,2
Donovan,81,2
Lester,82,1
Dale,83,1
Meyers,84,2
Moran,85,1
Roberts,86,2
Dorsey,87,2
Strickland,88,1
Bullock,89,1
Cohen,90,1
Roberts,91,2
Woodward,92,1
Crawford,93,1
Burris,94,2
Terry,95,2
Jarvis,96,1
Chase,97,1
Welch,98,1
Bowen,99,1
Mullins,100,2